{"cameraMode":{"drawMode":0,"name":"Shaded","section":"Shading Mode"},"sceneLighting":true,"audioPlay":false,"sceneViewState":{"m_AlwaysRefresh":false,"showFog":true,"showSkybox":true,"showFlares":true,"showImageEffects":true,"showParticleSystems":true,"showVisualEffectGraphs":true,"m_FxEnabled":false},"in2DMode":false,"pivot":{"x":-3.3978583812713625,"y":-3.180018424987793,"z":18.967008590698243},"rotation":{"x":-0.1507781594991684,"y":0.07613486051559448,"z":-0.011647449806332589,"w":-0.9855639934539795},"size":20.454614639282228,"orthographic":false}